id,symbol,market_cap,breakout_score,z_break,z_donch,dist_90,dist_180,dist_365,p365,vol_acc,vol_acc_7d,vol_acc_30d,break_vol_mult,donch_width,beta_btc,beta_eth,price_source,buzz_48h,buzz_7d,buzz_level,buzz_acc,mom_7d_pct,mom_30d_pct,volume_mc_ratio,ath_drawdown_pct,z_mom7,z_mom30,z_vmc,z_dd,beta_pen,score_global,score_segment,z_slope,z_volacc,z_buzz_level,z_buzz_acc,z_buzz_combined,early_score
bittensor,TAO,2900173884.0,0.5786445740631246,0.5924316665495106,0.5464746915948907,-39.22535211267606,-39.22535211267606,-39.22535211267606,21.671826625387,0.7146060320936162,1608254.9489,2250547.68176,0.7146060320936162,87.59672366285433,-0.24949519375725593,-0.11865558132716585,mexc,0.0,0.1438000894238765,0.1438000894238765,0.0,,,,,0,0,0,0,1.0,0.0,0.0,0,0,0,0,0,0.17772949996485318
rain,RAIN,2621363544.0,1.7981753425192846,2.4121441268631583,0.36558151238357967,-4.679195728391083,,,93.4065934065934,0.8622233463922103,4853731.110262287,5629319.979065388,0.8622233463922103,254.3881986214163,-0.2759320434040078,0.08651589901191375,mexc,0.0,0.0,0.0,0.0,,,,,0,0,0,0,1.0,0.0,0.0,0,0,0,0,0,0.7236432380589475
bitget-token,BGB,2546038286.0,0.7199968180131491,0.7495622633309069,0.651010778938381,-36.2423213935093,-36.2423213935093,-55.071287473640126,7.397260273972603,0.9693500003026387,606308.5217939571,625479.4672766934,0.9693500003026387,67.6993726149667,0.8681555089236068,0.47169481474477365,mexc,0.0,0.0,0.0,0.0,,,,,0,0,0,0,0.6650374190829049,0.0,0.0,0,0,0,0,0,0.22486867899927207
okb,OKB,2488628976.0,0.17899951746214368,0.13025552896070022,0.29273549063217846,-47.99949059578337,-48.38459392544547,-48.38459392544547,76.43835616438356,3.267821602303273,1506816.8571724284,461107.44114989997,3.267821602303273,130.7817820658343,0.9651905055385769,0.5339523908264884,mexc,0.0,0.0,0.0,0.0,,,,,0,0,0,0,0.6252142759087337,0.0,0.0,0,0,0,0,0,0.039076658688210066
near,NEAR,2333660474.0,0.4292791185568093,0.4079987945985094,0.4789332077928425,-42.72670025188917,-42.72670025188917,-73.72526361404016,2.4657534246575343,0.810288406593615,623476.8125557139,769450.4913093334,0.810288406593615,95.20590043023971,1.7504487670583808,1.071932124392659,mexc,0.8958882730192628,1.0938079797057363,1.0938079797057363,2.8666905103498905,,,,,0,0,0,0,0.5,0.0,0.0,0,0,0,0,0,0.12239963837955281
memecore,M,2305674735.0,0.021445116678690604,-0.07962541067421895,0.2572763471688129,-51.98395513116325,-51.98395513116325,,46.25,0.5762212192004473,222944.8373900143,386908.41288241337,0.5762212192004473,127.62237197201078,-0.9958065223420322,-0.4381728662889991,mexc,0.0,0.0,0.0,0.0,,,,,0,0,0,0,1.0,0.0,0.0,0,0,0,0,0,-0.023887623202265684
ethena,ENA,2163576060.0,-0.5741406905279858,-0.7100555454792357,-0.2570060289750694,-63.95229546037445,-65.29629629629629,-77.76107594936708,13.424657534246576,0.8311119424154492,9588585.237218713,11537056.259054033,0.8311119424154492,234.53453453453457,1.9249151900926749,1.3159257750403348,mexc,0.0,0.0,0.0,0.0,,,,,0,0,0,0,0.5,0.0,0.0,0,0,0,0,0,-0.2130166636437707
pepe,PEPE,2085876009.0,-0.30533657492876565,-0.414666750681333,-0.05023283150610855,-58.34451526333445,-64.9495448451062,-68.80025125628141,7.739938080495357,0.9856339976655619,220302.8901039026,223513.89118646673,0.9856339976655619,194.20182580804345,-0.05927013113749204,-0.05043319907714498,mexc,0.0,0.0,0.0,0.0,,,,,0,0,0,0,1.0,0.0,0.0,0,0,0,0,0,-0.1244000252043999
aster-2,ASTER,2045339136.0,-0.2333290059052021,-0.3663336962109603,0.07701527147490021,-57.42694103406536,,,13.414634146341465,0.6900480453658273,72069.49620042858,104441.2728714,0.6900480453658273,160.93626621545405,1.7129683645161935,1.0142278569697785,mexc,0.0,0.0,0.0,0.0,,,,,0,0,0,0,0.5,0.0,0.0,0,0,0,0,0,-0.10990010886328809
internet-computer,ICP,2004722980.0,-0.33889506739527475,-0.4366498681643286,-0.1108005322674824,-58.76185164528722,-58.76185164528722,-72.94350117096018,7.671232876712329,0.282419979615089,1537766.6736442856,5444964.183271,0.282419979615089,210.10031131096505,1.3644043644408446,0.8623436068235779,mexc,0.0,0.0,0.0,0.0,,,,,0,0,0,0,0.5,0.0,0.0,0,0,0,0,0,-0.13099496044929856
pi-network,PI,1831471771.0,0.48986451219489396,0.47808041154014236,0.5173607470559812,-41.396242527754055,-65.35731187884525,-92.03918057212046,7.3426573426573425,0.9686181481761237,56171.046524257144,57990.908625886674,0.9686181481761237,88.67126529379183,0.00925032285556149,0.0749925039750439,mexc,0.0,0.0,0.0,0.0,,,,,0,0,0,0,0.9789392932923486,0.0,0.0,0,0,0,0,0,0.1434241234620427
pump-fun,PUMP,1813511325.0,-0.5976765746240773,-0.7309325190640622,-0.28674603759744566,-64.34863235975892,-64.34863235975892,,24.161073825503358,0.6664949957461352,5285189.446980223,7929826.151302908,0.6664949957461352,241.70297029702974,-0.03704307352309307,-0.22169996305284606,mexc,0.0,0.0,0.0,0.0,,,,,0,0,0,0,1.0,0.0,0.0,0,0,0,0,0,-0.21927975571921865
ondo-finance,ONDO,1582041604.0,-0.09543314707045628,-0.2123811192876357,0.17744545476962903,-54.50424312758395,-56.050308295964136,-68.00397877984085,3.7267080745341614,0.9181376989581472,60725.40912938572,66139.76225820334,0.9181376989581472,142.00987383433898,-0.035182800789615686,-0.06501270453197472,mexc,0.5912433586394608,0.5912433586394608,0.5912433586394608,3.5,,,,,0,0,0,0,1.0,0.0,0.0,0,0,0,0,0,-0.06371433578629071
htx-dao,HTX,1522497199.0,0.8617599406069062,0.9128382757918487,0.7425771585087072,-33.14262362076011,-34.21793325291516,-38.70363431997003,5.47945205479452,0.9921256136864487,496966.4210498678,500910.7860881506,0.9921256136864487,51.893234016139054,0.4980473445704784,0.32202682889468937,mexc,0.0,0.0,0.0,0.0,,,,,0,0,0,0,0.7949814566337081,0.0,0.0,0,0,0,0,0,0.2738514827375546
aptos,APT,1396587293.0,-0.6096222243576802,-0.7771555503688405,-0.21871113033163964,-65.22614905694928,-65.30239356842682,-86.64556962025316,1.643835616438356,0.8641289688507496,3348568.6684857146,3875079.749888667,0.8641289688507496,219.35672514619884,1.4619040096531526,0.9136889992030569,mexc,0.0,0.0,0.0,0.0,,,,,0,0,0,0,0.5,0.0,0.0,0,0,0,0,0,-0.23314666511065216
kucoin-shares,KCS,1362605095.0,0.7718344148546487,0.81898365641438,0.6618195178819424,-34.92439762578216,-34.92439762578216,-34.92439762578216,10.136986301369863,1.0193132051886802,571057.1222071429,560237.1472284,1.0193132051886802,69.00699798115042,0.617475716224673,0.4008944577928835,mexc,0.0,0.0,0.0,0.0,,,,,0,0,0,0,0.7454074564956108,0.0,0.0,0,0,0,0,0,0.245695096924314
kaspa,KAS,1353650637.0,0.35656084134515686,0.367771181986449,0.33040337984880863,-43.490397498883425,-55.9184740005226,-62.86104262064107,6.5015479876160995,0.8000383899061427,99516.40332652,124389.53502993133,0.8000383899061427,135.05944725860212,-0.16533485596030964,-0.07592169809924192,mexc,0.0,0.0,0.0,0.0,,,,,0,0,0,0,1.0,0.0,0.0,0,0,0,0,0,0.1103313545959347
polygon-ecosystem-token,POL,1340651040.0,-0.11081478904791024,-0.2402626330464392,0.1912301802819906,-55.03355704697987,-55.96679349705984,-79.79044292744881,1.9178082191780823,0.7544279440695828,2410865.589703285,3195620.7463610666,0.7544279440695828,136.31051752921536,1.4491524184630717,0.877443156194564,mexc,0.0,0.0,0.0,0.0,,,,,0,0,0,0,0.5,0.0,0.0,0,0,0,0,0,-0.07207878991393175
quant-network,QNT,1268933119.0,1.4678302845878375,1.6994134173703805,0.9274696414285701,-18.2099634112018,-35.39829566506112,-39.000839630562545,29.863013698630137,0.5438689376994538,841087.4530285717,1546489.2269566664,0.5438689376994538,48.889509708059784,1.1108561829009278,0.6827749310083481,mexc,0.0,0.0,0.0,0.0,,,,,0,0,0,0,0.5515922215226811,0.0,0.0,0,0,0,0,0,0.5098240252111141
arbitrum,ARB,1254725283.0,-0.3297499108683554,-0.462067364465864,-0.0210091858075022,-59.244387661982124,-63.572593800978794,,14.285714285714285,0.9160669376840133,54732.945149714295,59747.757394333334,0.9160669376840133,182.860092927207,-0.010918466554897423,0.0820225811399267,mexc,0.0,0.0,0.0,0.0,,,,,0,0,0,0,0.9822239713537427,0.0,0.0,0,0,0,0,0,-0.1386202093397592
algorand,ALGO,1221914819.0,0.32354653608328465,0.2682466259037342,0.45257965983556914,-45.37981187257925,-56.58729660111831,-70.5399586450939,2.4657534246575343,0.5244883467113425,56460.673964042864,107649.05324982667,0.5244883467113425,93.88505747126439,1.7356251980462907,0.995660424955258,mexc,0.0,0.0,0.0,0.0,,,,,0,0,0,0,0.5,0.0,0.0,0,0,0,0,0,0.08047398777112026
official-trump,TRUMP,1184436800.0,0.7288388560204185,0.7658590442088462,0.6424584169140874,-35.932936722552725,-47.19151212553495,-87.23408841088863,3.9877300613496933,0.38775737475482636,3414152.495617143,8804867.986781333,0.38775737475482636,71.17200518422513,0.4932278547120742,0.14005189956860228,mexc,0.8894001898695982,0.8894001898695982,0.8894001898695982,3.5,,,,,0,0,0,0,0.8416800614298309,0.0,0.0,0,0,0,0,0,0.22975771326265385
filecoin,FIL,1123382272.0,-0.0962754935071321,-0.20468138784217066,0.15667159327462454,-54.358068315665484,-54.358068315665484,-77.03363461253518,4.931506849315069,0.36436322906122565,2302863.635525,6320241.593692867,0.36436322906122565,148.42721287490855,1.5143264922935384,0.9523732395397899,mexc,0.0,0.0,0.0,0.0,,,,,0,0,0,0,0.5,0.0,0.0,0,0,0,0,0,-0.061404416352651196
cosmos,ATOM,1122438523.0,0.03992330299245364,-0.06413187619774292,0.2827187211029123,-51.68981961434792,-55.08000771158665,-74.66565184299228,1.9178082191780823,0.6629527069516759,761479.0792371425,1148617.4975263332,0.6629527069516759,121.34006424965582,1.3358303252484884,0.8371734534655806,mexc,0.0,0.0,0.0,0.0,,,,,0,0,0,0,0.5,0.0,0.0,0,0,0,0,0,-0.019239562859322875
vechain,VET,1099882539.0,0.09027347349384399,-0.013703108675207968,0.33288549855496524,-50.73245952197378,-54.952414522382796,-78.71064467766116,1.643835616438356,0.6896811490166289,830641.4443795857,1204384.7299059033,0.6896811490166289,110.21069692058347,1.6638415880545385,0.9879744576301946,mexc,0.0,0.0,0.0,0.0,,,,,0,0,0,0,0.5,0.0,0.0,0,0,0,0,0,-0.00411093260256239
flare-networks,FLR,1047641667.0,0.031205424015925645,-0.07705340652586173,0.2838093619467629,-51.93512716549945,-51.93512716549945,-57.44125326370757,3.287671232876712,0.7960624388998379,983360.766101143,1235280.9503990067,0.7960624388998379,120.211038961039,1.2904976868464106,0.6624104386620795,mexc,0.0,0.0,0.0,0.0,,,,,0,0,0,0,0.5117729686228775,0.0,0.0,0,0,0,0,0,-0.02311602195775852
lombard-staked-btc,LBTC,1003174037.0,1.156719531017737,1.291687024836119,0.8417953787748459,-25.950405940271036,,,25.301204819277107,1.0104508293233916,55737.25854955857,55160.782625,1.0104508293233916,47.54454019903247,0.14653365326646656,0.12210648394729492,mexc,0.0,0.0,0.0,0.0,,,,,0,0,0,0,0.9328399656965596,0.0,0.0,0,0,0,0,0,0.3875061074508357
xdce-crowd-sale,XDC,899832729.0,0.6480552711409975,0.6475579669742226,0.6492156475301392,-38.17881215820934,-51.51122194513715,-51.51122194513715,0.423728813559322,0.9305165878432968,55238.54494718572,59363.31030402667,0.9305165878432968,61.756840156346435,-0.18782887479586616,-0.0886324068814378,mexc,0.0,0.0,0.0,0.0,,,,,0,0,0,0,1.0,0.0,0.0,0,0,0,0,0,0.1942673900922668
render-token,RENDER,885416963.0,-0.2678871096813243,-0.41117927702174906,0.06646128077966687,-58.2783076546833,-62.84843205574913,-82.25319879330074,1.9178082191780823,0.5019083201835031,344568.0186328571,686515.853148,0.5019083201835031,161.11111111111111,1.9224385555469217,1.102350472580358,mexc,0.0,0.0,0.0,0.0,,,,,0,0,0,0,0.5,0.0,0.0,0,0,0,0,0,-0.12335378310652471
bonk,BONK,828415828.0,-0.44181290764509656,-0.5850823902613714,-0.10751744820712188,-61.579754601227,-74.06832298136645,-74.54268292682926,5.7534246575342465,0.6654300798057204,1495906.6395659486,2248029.7854925566,0.6654300798057204,199.77011494252875,2.1642157192892015,1.2637454188135753,mexc,0.0,0.0,0.0,0.0,,,,,0,0,0,0,0.5,0.0,0.0,0,0,0,0,0,-0.1755247170784114
pudgy-penguins,PENGU,799550267.0,-0.7372556515461195,-0.8475428324320993,-0.47991889614550043,-66.56240965122086,-70.50107821086557,-70.50107821086557,41.62011173184357,0.9853976616809296,4426568.083616654,4492164.184828329,0.9853976616809296,289.466680315283,0.007399067084279493,-0.0952951629621503,mexc,0.0,0.10531555291469832,0.10531555291469832,0.0,,,,,0,0,0,0,1.0,0.0,0.0,0,0,0,0,0,-0.25426284972962976
story-2,IP,740325532.0,-1.7092792726098274,-1.75230734205129,-1.608880443913082,-83.73882456397479,-83.73882456397479,,4.132231404958678,0.9804664722216205,54783.065409999996,55874.49133866667,0.9804664722216205,554.484412470024,-0.1753659775889773,-0.015231873260421306,mexc,0.0,0.0,0.0,0.0,,,,,0,0,0,0,1.0,0.0,0.0,0,0,0,0,0,-0.525692202615387
morpho,MORPHO,693783713.0,0.33166254030296194,0.28157239450636085,0.4485395471616978,-45.12683009874022,-51.88460964323034,-67.1113718687822,13.972602739726028,0.6220081892366375,374160.78261957143,601536.746773,0.6220081892366375,95.88161734055858,1.7124543563783179,1.139194844322662,mexc,0.0,0.0,0.0,0.0,,,,,0,0,0,0,0.5,0.0,0.0,0,0,0,0,0,0.08447171835190825
fetch-ai,FET,685953549.0,-0.4646177145362567,-0.5753545793139245,-0.20623169672169855,-61.39507790883938,-68.47800237812129,-85.43406593406593,7.671232876712329,0.34623152203366797,1214868.5170594286,3508832.788891167,0.34623152203366797,228.5645933014354,1.8287165947670252,1.1067714873854078,mexc,0.0,0.0,0.0,0.0,,,,,0,0,0,0,0.5,0.0,0.0,0,0,0,0,0,-0.17260637379417734
optimism,OP,642800331.0,-0.3394932095037716,-0.46517073508188717,-0.04624564982150186,-59.30330330330331,-61.20018323408154,-86.8037703513282,5.205479452054795,0.7414423791156838,382423.51990300004,515783.19593643333,0.7414423791156838,189.86768802228414,1.7235029244740496,1.1470738744329285,mexc,0.0,0.0,0.0,0.0,,,,,0,0,0,0,0.5,0.0,0.0,0,0,0,0,0,-0.13955122052456614
ultima,ULTIMA,613085540.0,0.9038919435692204,1.1621785430151086,0.3012232115288148,-28.409047271610167,-29.262487625341915,-72.61367511170978,36.43835616438356,1.1118732958823518,1641148.6778615715,1476021.3092079,1.1118732958823518,193.66036188425858,0.23707961883439013,0.05557770378650843,mexc,0.0,0.0,0.0,0.0,,,,,0,0,0,0,0.9268356693447753,0.0,0.0,0,0,0,0,0,0.3486535629045326
spx6900,SPX,610523797.0,-0.3817046865245549,-0.4450648804366936,-0.2338642340628981,-58.921605637347426,-69.59012575687005,-69.59012575687005,28.493150684931507,0.6902456619018918,537607.578918143,778864.1183732001,0.6902456619018918,244.69746258945997,2.801378464574542,1.6784976163772858,mexc,0.0,0.0,0.0,0.0,,,,,0,0,0,0,0.5,0.0,0.0,0,0,0,0,0,-0.13351946413100807
aerodrome-finance,AERO,606789010.0,0.09725181614964692,0.015862087295570856,0.2871611834758244,-50.171181899374815,-55.36071476196827,-68.28517290383704,28.45303867403315,0.4353163581982849,146370.52440685715,336239.4305894334,0.4353163581982849,125.13404825737263,0.07469577661510775,-0.012013208976947583,mexc,0.0,0.0,0.0,0.0,,,,,0,0,0,0,0.98432935809046,0.0,0.0,0,0,0,0,0,0.004758626188671257
beldex,BDX,599786205.0,1.980710710009866,2.333082289982424,1.1585103567405648,-6.180137575236444,-6.180137575236444,-6.180137575236444,97.80821917808218,0.8254733873277865,728835.8473072143,882930.7625126399,0.8254733873277865,23.03623380058184,0.07679688146037968,0.03596286009336489,mexc,0.0,0.0,0.0,0.0,,,,,0,0,0,0,0.9718100646115638,0.0,0.0,0,0,0,0,0,0.6999246869947272
curve-dao-token,CRV,589124001.0,0.05633818715614754,-0.03448164451176896,0.26825112771461934,-51.126927639383155,-62.49089584850692,-62.49089584850692,5.932203389830509,0.6823008372807798,340375.58485857147,498864.3810186333,0.6823008372807798,127.34627831715208,-0.35884718770115853,-0.24844454107890854,mexc,0.0,0.0,0.0,0.0,,,,,0,0,0,0,1.0,0.0,0.0,0,0,0,0,0,-0.010344493353530687
injective-protocol,INJ,586095281.0,-0.3712639958759296,-0.5165208528625694,-0.03233132957377025,-60.27815468113975,-63.864716410541256,-71.79672447013488,4.0625,0.684924440467435,191182.1096600001,279128.759852,0.684924440467435,182.64621284755515,0.04117174469424849,0.05693590967051679,mexc,0.0,0.0,0.0,0.0,,,,,0,0,0,0,0.9754730864088087,0.0,0.0,0,0,0,0,0,-0.15495625585877082
virtual-protocol,VIRTUAL,580106113.0,-0.007086853250639229,-0.07279457258593992,0.14623115853172905,-51.85427574171029,-54.45258487256217,-80.89818350986141,20.0,0.7898396411074635,932525.1299588571,1180651.2125060335,0.7898396411074635,159.75350616234593,2.4203821888928365,1.4787696484272863,mexc,0.0,0.0,0.0,0.0,,,,,0,0,0,0,0.5,0.0,0.0,0,0,0,0,0,-0.021838371775781976
myx-finance,MYX,578056658.0,-1.9312435997583797,-1.687186267190852,-2.5007107090826115,-82.5025397744242,-82.5025397744242,,79.81651376146789,0.9573779692537534,54133.31040292857,56543.30070403,0.9573779692537534,813.1865065366532,0.052991183529835006,-0.47924355259819124,mexc,0.0,0.0,0.0,0.0,,,,,0,0,0,0,1.0,0.0,0.0,0,0,0,0,0,-0.5061558801572555
blockstack,STX,576056201.0,-0.11448781320043724,-0.22835079881223225,0.15119248656041773,-54.80741797432239,-64.91694352159469,-87.08520179372196,3.5616438356164384,0.7674215698523842,352524.27468414337,459361.9576681334,0.7674215698523842,148.49344204182913,1.7704994690154807,0.9986742716241428,mexc,0.0,0.0,0.0,0.0,,,,,0,0,0,0,0.5,0.0,0.0,0,0,0,0,0,-0.06850523964366967
lido-dao,LDO,570714482.0,0.0035608995679061034,-0.09387856316650081,0.2309196459481889,-52.2545427353623,-58.59005123548868,-73.1497056349874,3.287671232876712,1.0894407062084241,1037289.6152245713,952130.3998587,1.0894407062084241,134.244175862673,1.9368989875699465,1.317920124269517,mexc,0.0,0.0,0.0,0.0,,,,,0,0,0,0,0.5,0.0,0.0,0,0,0,0,0,-0.028163568949950243
starknet,STRK,550333200.0,-0.07312865849084199,-0.1832424561370776,0.1838035360170411,-53.951062976333745,-53.951062976333745,-82.62711864406779,8.493150684931507,0.10863454082891456,1687399.370814141,15532807.1342574,0.10863454082891456,142.0388349514563,1.652212962637013,1.039320362015448,mexc,0.0,0.0,0.0,0.0,,,,,0,0,0,0,0.5,0.0,0.0,0,0,0,0,0,-0.054972736841123276
celestia,TIA,542767310.0,-0.6453010445620669,-0.8033928697973636,-0.2764201190130416,-65.72424892703863,-71.51582701738742,-91.14238181061971,4.10958904109589,0.8071018058199343,1766129.8541908567,2188236.7768916665,0.8071018058199343,234.16995338831126,1.7423348694643992,1.11506979999412,mexc,0.0,0.0,0.0,0.0,,,,,0,0,0,0,0.5,0.0,0.0,0,0,0,0,0,-0.24101786093920907
tezos,XTZ,534221733.0,0.6744106289790186,0.6927275680409964,0.6316711045010702,-37.32129420617005,-53.4029461122506,-66.75093134646089,5.205479452054795,0.707380683621408,305397.5552874286,431730.1311140667,0.707380683621408,69.62348436502872,1.2719677211978315,0.8112364618454502,mexc,0.0,0.0,0.0,0.0,,,,,0,0,0,0,0.5,0.0,0.0,0,0,0,0,0,0.20781827041229892
ether-fi,ETHFI,533473774.0,-0.019530548611957604,-0.07495379590509842,0.10979036173870428,-51.895267309377736,-51.895267309377736,-68.82499112531062,26.027397260273972,0.641816766947073,1164148.390775286,1813832.9360150334,0.641816766947073,170.01922792486317,2.1287825705212264,1.423607877535996,mexc,0.0,0.0,0.0,0.0,,,,,0,0,0,0,0.5,0.0,0.0,0,0,0,0,0,-0.022486138771529524
telcoin,TEL,510151044.0,1.2575045710443962,1.5630149060295253,0.5446471227457619,-20.799407846039976,-23.34145293021923,-56.08634983173274,55.61643835616439,0.44665481728205836,209352.86761764853,468712.88412735093,0.44665481728205836,149.5382342076099,2.0189513836713444,1.107701169067446,mexc,0.0,0.0,0.0,0.0,,,,,0,0,0,0,0.5,0.0,0.0,0,0,0,0,0,0.4689044718088576
the-graph,GRT,502526925.0,-0.018982059072737825,-0.13809736408701842,0.25895365262725023,-53.09401031336771,-59.11840968020743,-83.51341930986406,1.643835616438356,0.7935540410276247,532749.4922934143,671346.2029675035,0.7935540410276247,123.44338577442939,1.6336233551589492,1.0146961478584509,mexc,0.0,0.0,0.0,0.0,,,,,0,0,0,0,0.5,0.0,0.0,0,0,0,0,0,-0.041429209226105525
kaia,KAIA,468370593.0,0.0824018425034885,-0.01747238596118832,0.31544170892106776,-50.80401700449757,-61.950824359096536,-73.41700512683933,3.5616438356164384,1.0056124694106143,55253.7841618,54945.404758339995,1.0056124694106143,114.95166203151905,1.345011618215359,0.7889305934318486,mexc,0.0,0.0,0.0,0.0,,,,,0,0,0,0,0.5,0.0,0.0,0,0,0,0,0,-0.005241715788356496
doublezero,2Z,467038766.0,-1.3529659346344016,-1.427354104635839,-1.1793935379643814,-77.56978104629785,,,27.536231884057973,1.2701811169720858,393127.81290157564,309505.3198702333,1.2701811169720858,452.44690674053567,0.6804022126321491,0.2575027254312519,mexc,0.0,0.0,0.0,0.0,,,,,0,0,0,0,0.7655237654841498,0.0,0.0,0,0,0,0,0,-0.42820623139075165
iota,IOTA,448332627.0,0.25243341609423,0.1903838061735867,0.39721583924239773,-46.85799109351806,-55.54635761589404,-74.5014245014245,2.4657534246575343,0.7770451217666127,485212.8594847857,624433.3126777167,0.7770451217666127,104.76190476190479,1.7164295455258722,0.9982876617733478,mexc,0.0,0.0,0.0,0.0,,,,,0,0,0,0,0.5,0.0,0.0,0,0,0,0,0,0.057115141852076
ethereum-name-service,ENS,445484533.0,-0.04723746171919263,-0.16006284153481984,0.21602175785060415,-53.511011809767005,-62.60830498684295,-75.48650411293207,4.10958904109589,0.4837119148504613,154168.61247999998,318719.8986563334,0.4837119148504613,134.3086846779471,1.769509752722682,1.138840252611575,mexc,0.0,0.0,0.0,0.0,,,,,0,0,0,0,0.5,0.0,0.0,0,0,0,0,0,-0.04801885246044595
newton-project,AB,430850124.0,0.40018278663920936,0.3467496223979411,0.5248601698688354,-43.88947927736451,-69.88974781396527,-72.05844911456683,12.32876712328767,0.7382212068661644,51749.750850931436,70100.601783868,0.7382212068661644,78.21969696969697,-0.1530761199897874,-0.20417329833903838,mexc,0.0,0.0,0.0,0.0,,,,,0,0,0,0,1.0,0.0,0.0,0,0,0,0,0,0.10402488671938233
trust-wallet-token,TWT,425227358.0,0.6226693768120803,0.6785599373300811,0.49225806893674506,-37.59025823032677,-37.59025823032677,-37.59025823032677,63.83561643835617,0.7923479404732257,269824.7572598572,340538.2199879333,0.7923479404732257,108.52366977159629,0.9794359026672039,0.609751846021661,mexc,0.0,0.0,0.0,0.0,,,,,0,0,0,0,0.6027030628277837,0.0,0.0,0,0,0,0,0,0.20356798119902433
bittorrent,BTT,418334026.0,0.757785074466866,0.7973415963079816,0.6654865235042632,-35.335259236734075,-42.75908479138628,-68.77615446736657,6.027397260273973,0.9392867039103138,71899.97645631208,76547.42280177888,0.9392867039103138,66.59067882472137,0.9344346877453998,0.5694276595567312,mexc,0.0,0.0,0.0,0.0,,,,,0,0,0,0,0.6240344131744673,0.0,0.0,0,0,0,0,0,0.2392024788923945
bitcoin-cash-sv,BSV,411829310.0,1.085807059427399,1.1915396315695606,0.839097724429022,-27.851644506648,-37.095790115924345,-69.42013940382618,2.4657534246575343,0.6629881353299105,250706.9357401857,378146.94167254,0.6629881353299105,41.97714853452559,1.2929673651850764,0.7604788677333842,mexc,0.0,0.0,0.0,0.0,,,,,0,0,0,0,0.5,0.0,0.0,0,0,0,0,0,0.35746188947086815
pyth-network,PYTH,407494552.0,-0.3893460748293413,-0.5568592993901804,0.0015181158126164407,-61.04395604395604,-69.26744690073689,-85.64777327935222,1.643835616438356,0.6733470574839768,371212.51427457144,551294.4775635333,0.6733470574839768,170.43090638930164,1.8035238491971837,1.0853498400102384,mexc,0.0,0.0,0.0,0.0,,,,,0,0,0,0,0.5,0.0,0.0,0,0,0,0,0,-0.16705778981705413
basic-attention-token,BAT,402774529.0,2.0431168502237393,2.52884137058693,0.9097596360429615,-2.4637681159420444,-2.4637681159420444,-8.930987821380231,96.43835616438356,0.8547490774249266,1655044.2454570003,1936292.5204237667,0.8547490774249266,106.43231114435304,1.4528259981411435,0.8709164853186071,mexc,0.0,0.0,0.0,0.0,,,,,0,0,0,0,0.5,0.0,0.0,0,0,0,0,0,0.758652411176079
conflux-token,CFX,397825576.0,-0.2820811209948004,-0.42656675392135557,0.05505202250049484,-58.570429731619434,-66.38446432467815,-66.38446432467815,16.986301369863014,0.3448739056945522,392924.79376,1139328.8598297301,0.3448739056945522,163.3942484771214,1.5991146219992372,1.1087802488453087,mexc,0.0,0.0,0.0,0.0,,,,,0,0,0,0,0.5,0.0,0.0,0,0,0,0,0,-0.12797002617640665
sun-token,SUN,394661666.0,0.6945149822922688,0.7077604764558627,0.6636088292438833,-37.03590340056932,-37.03590340056932,-37.03590340056932,51.78082191780822,0.6146866404377264,489358.8829550243,796111.1414533843,0.6146866404377264,61.45787002718062,0.5009861943202711,0.31925254746934373,mexc,0.0,0.0,0.0,0.0,,,,,0,0,0,0,0.7949403145525963,0.0,0.0,0,0,0,0,0,0.2123281429367588
decred,DCR,390989939.0,0.11618716822078529,0.12731704711800865,0.09021745079393077,-48.055275922027995,-48.055275922027995,-48.055275922027995,92.87671232876711,0.38981467380446677,746890.7535842856,1916014.9778223336,0.38981467380446677,188.4064665127021,0.9784430379814782,0.5541594841728563,mexc,0.0,0.0,0.0,0.0,,,,,0,0,0,0,0.6168493694614163,0.0,0.0,0,0,0,0,0,0.038195114135402594
the-sandbox,SAND,383133367.0,-0.1233596389402436,-0.2575940564924046,0.18985400201479868,-55.36258379037173,-57.59768451519537,-81.50486049741194,1.643835616438356,0.7843897185296026,358628.7293365714,457207.3305714,0.7843897185296026,135.60660445082556,1.7071655468321065,1.021962627468908,mexc,0.0,0.0,0.0,0.0,,,,,0,0,0,0,0.5,0.0,0.0,0,0,0,0,0,-0.07727821694772137
just,JST,375530480.0,1.702287874819295,1.997150430615838,1.0142752446273622,-12.557603686635954,-12.557603686635954,-18.614625777396533,81.64383561643835,0.7477603239752162,1234561.730892729,1651012.6190295801,0.7477603239752162,42.95125164690381,0.47452272874471035,0.30042140158573044,mexc,0.0,0.0,0.0,0.0,,,,,0,0,0,0,0.8062639674173898,0.0,0.0,0,0,0,0,0,0.5991451291847514
sonic-3,S,374652296.0,-0.7937047499867222,-0.9786627533080299,-0.3621360755703382,-69.05164319248827,-74.97975708502025,-88.58725761772853,1.7804154302670623,0.9693629589721977,53746.725880599995,55445.409155706664,0.9693629589721977,247.54704666594148,-0.18061871025127715,-0.06648341082716588,mexc,29.57851135955804,30.874756042076058,30.874756042076058,3.353056121880599,,,,,0,0,0,0,1.0,0.0,0.0,0,0,0,0,0,-0.29359882599240894
fartcoin,FARTCOIN,368755996.0,-0.5856468094620273,-0.5668646307683857,-0.6294718930805243,-61.23390129630019,-77.85346064057708,-77.85346064057708,22.910216718266255,1.0331299946280712,82733.14568447144,80080.09264531666,1.0331299946280712,349.91965214103413,-0.6220724961626491,-0.2037200009290135,mexc,0.0,0.0,0.0,0.0,,,,,0,0,0,0,1.0,0.0,0.0,0,0,0,0,0,-0.1700593892305157
helium,HNT,365978287.0,1.072614707665736,1.1888039782157733,0.8015064097156487,-27.903579254930612,-49.39759036144578,-78.751345532831,4.383561643835616,0.39112926096776013,313132.9798771429,800586.9443323334,0.39112926096776013,52.53481894150418,1.4472911380319846,0.7979931611173995,mexc,0.0,0.0,0.0,0.0,,,,,0,0,0,0,0.5,0.0,0.0,0,0,0,0,0,0.356641193464732
merlin-chain,MERL,365624847.0,0.6987469602532548,0.9636213506503799,0.08070671599329608,-32.17853721480382,-32.17853721480382,-32.17853721480382,89.86301369863014,0.5731314193864073,1739219.7685766288,3034591.5609348933,0.5731314193864073,244.04385551893455,1.2555872107978707,0.7120891459602413,mexc,0.0,0.0,0.0,0.0,,,,,0,0,0,0,0.508080910810472,0.0,0.0,0,0,0,0,0,0.28908640519511397
gala,GALA,365345109.0,-0.24770159909141531,-0.3706119453909149,0.039089208940750374,-57.508161044613715,-61.56496062992126,-84.977880361608,4.383561643835616,0.5847776631382243,728618.4536400143,1245975.1792328467,0.5847776631382243,171.49187592319058,1.8947468679993147,1.187721291114436,mexc,0.0,0.0,0.0,0.0,,,,,0,0,0,0,0.5,0.0,0.0,0,0,0,0,0,-0.11118358361727447
jasmycoin,JASMY,364734832.0,0.00328330443848783,-0.09967475353566811,0.2435187730448517,-52.364579954589686,-63.27949192378857,-84.36994465730098,3.5616438356164384,0.7139424660555214,427939.4593520529,599403.2848562523,0.7139424660555214,130.28084852106363,1.9122241309598162,1.1345655257848466,mexc,0.0,0.0,0.0,0.0,,,,,0,0,0,0,0.5,0.0,0.0,0,0,0,0,0,-0.029902426060700434
apenft,NFT,363343922.0,1.5278328690129428,1.743154830422771,1.025414959056677,-17.379558757316527,-24.933524238085504,-40.10119144769055,1.36986301369863,0.21853503588605122,79680.43482027666,364611.71773767076,0.21853503588605122,23.69813422445002,0.3577092819089214,0.1989183691035143,mexc,0.8055886519976814,0.8055886519976814,0.8055886519976814,3.5,,,,,0,0,0,0,0.8608430872468911,0.0,0.0,0,0,0,0,0,0.5229464491268313
flow,FLOW,362396364.0,0.1791183653767182,0.09474762001767369,0.3759834378811555,-48.673587081891576,-50.42335115864527,-77.61118937411953,1.643835616438356,0.8876187244683377,356819.25225157116,401996.08504800004,0.8876187244683377,104.77090222012282,1.3917149431995675,0.8749857082061542,mexc,0.0,0.0,0.0,0.0,,,,,0,0,0,0,0.5,0.0,0.0,0,0,0,0,0,0.028424286005302106
plasma,XPL,349267648.0,-2.28443676105884,-2.039360697258331,-2.8562809099266953,-89.18836140888209,,,5.263157894736842,0.6240777117924006,3526802.8413454457,5651223.837518871,0.6240777117924006,892.4012158054712,-0.9971313148112618,-0.1499920069743624,mexc,0.0,0.0,0.0,0.0,,,,,0,0,0,0,1.0,0.0,0.0,0,0,0,0,0,-0.6118082091774992
gnosis,GNO,348704271.0,1.567383057346567,1.8121799290693688,0.9961903566600304,-16.069158403254512,-16.069158403254512,-56.059900166389355,47.94520547945205,0.7217603332902961,118791.04724285714,164585.17012333332,0.7217603332902961,36.40856672158155,1.3068188611854707,0.880223969825824,mexc,0.0,0.0,0.0,0.0,,,,,0,0,0,0,0.5,0.0,0.0,0,0,0,0,0,0.5436539787208106
terra-luna,LUNC,337593494.0,2.059841985513626,2.5907982522550745,0.8209440297835797,-1.2875536480686733,-11.576249466040146,-53.94541679026994,58.35616438356165,3.738558184151066,1861915.6198588337,498030.3978555381,3.738558184151066,135.70625702510304,1.1052157304240091,0.7204618473513572,mexc,0.0,0.0,0.0,0.0,,,,,0,0,0,0,0.5435806055561584,0.0,0.0,0,0,0,0,0,0.7772394756765223
vision-3,VSN,334080848.0,0.3839537517376715,0.4086482780789175,0.3263331902747642,-42.7143701951508,-53.717152412804595,,20.408163265306122,0.7067691717117881,86831.34061664286,122856.71771214667,0.7067691717117881,138.80807795509108,0.01442800867692888,0.03508105525269414,mexc,0.0,0.0,0.0,0.0,,,,,0,0,0,0,0.9876227340175943,0.0,0.0,0,0,0,0,0,0.12259448342367525
pippin,PIPPIN,321108752.0,-1.10672994017813,2.6586199048479133,-9.892546245238899,0.0,0.0,0.0,100.0,1.6621368050112406,8052056.477489865,4844400.565111974,1.6621368050112406,3198.26235435918,2.1883734431074005,1.2283480626101584,mexc,0.0,0.0,0.0,0.0,,,,,0,0,0,0,0.5,0.0,0.0,0,0,0,0,0,0.7975859714543739
raydium,RAY,316894182.0,-0.7747021394756162,-0.9232105097174105,-0.4281826089114295,-67.99891540130152,-68.9421052631579,-85.43951637776819,5.205479452054795,0.878368042374989,1179238.7475102858,1342533.7564898,0.878368042374989,269.9097291875627,2.086369734157053,1.1526552925256783,mexc,0.0,0.0,0.0,0.0,,,,,0,0,0,0,0.5,0.0,0.0,0,0,0,0,0,-0.2769631529152231
compound-governance-token,COMP,309138388.0,0.9007185188775637,0.9801567115717168,0.7153627359245401,-31.864623243933586,-42.91064740502944,-71.53401511783015,5.7534246575342465,0.7339279442121457,899231.1963585714,1225230.9010033333,0.7339279442121457,63.92184228890439,1.385983103030861,0.8931889018570406,mexc,0.0,0.0,0.0,0.0,,,,,0,0,0,0,0.5,0.0,0.0,0,0,0,0,0,0.294047013471515
neo,NEO,304748180.0,0.6584012124283907,0.6750589245699974,0.6195332174313083,-37.65672287073066,-44.17344173441735,-76.98936170212767,3.8356164383561646,0.4588422612905278,486247.6506808572,1059727.2564067,0.4588422612905278,71.97026022304833,1.3711418746230757,0.8705730740834094,mexc,0.9154616047039239,0.9154616047039239,0.9154616047039239,3.5,,,,,0,0,0,0,0.5,0.0,0.0,0,0,0,0,0,0.2025176773709992
vaulta,A,303989071.0,-0.42511300877827335,-0.5925039122942363,-0.034534233907693355,-61.720647773279346,-69.68093634760302,,3.5532994923857872,0.49671398085993623,564591.6886124286,1136653.5075879665,0.49671398085993623,178.46674182638105,0.11443280933294035,0.09137884912827451,mexc,23.209190864516845,23.760507120098,23.760507120098,3.418789321928997,,,,,0,0,0,0,0.9485470853846962,0.0,0.0,0,0,0,0,0,-0.17775117368827087
decentraland,MANA,299937103.0,-0.22157512103803062,-0.3693592434398758,0.12325449789960807,-57.48437924477044,-57.48437924477044,-76.07399480201803,1.9178082191780823,0.8155730751556923,474744.9986625714,582099.8916276668,0.8155730751556923,147.54539340954943,1.5443680154801356,0.932976627077154,mexc,0.0,0.0,0.0,0.0,,,,,0,0,0,0,0.5,0.0,0.0,0,0,0,0,0,-0.11080777303196274
layerzero,ZRO,297892768.0,0.5601485842240062,0.5793508187779913,0.5153433702647077,-39.473684210526315,-39.473684210526315,-78.94435703046774,7.397260273972603,0.8483378425494104,699783.9735357148,824888.3150523334,0.8483378425494104,95.65567176186643,1.6470292265285507,1.0026482687364657,mexc,0.0,0.0,0.0,0.0,,,,,0,0,0,0,0.5,0.0,0.0,0,0,0,0,0,0.1738052456333974
zebec-network,ZBCN,280275878.0,0.48631771612631003,0.4918986869093488,0.4732954509658865,-41.13391080651968,-50.07159416337106,,9.392265193370166,0.9621084594164165,55799.824928065565,57997.43717242847,0.9621084594164165,102.12454807653248,0.1250321223089476,0.026208206695412753,mexc,0.0,0.0,0.0,0.0,,,,,0,0,0,0,0.9621899177489099,0.0,0.0,0,0,0,0,0,0.14756960607280464
falcon-finance-ff,FF,278116275.0,-0.30017622825697404,-0.392854486802429,-0.08392695831757914,-57.930422435214766,,,20.833333333333336,0.4956645735178368,1048696.7470683858,2115738.75378174,0.4956645735178368,205.2004333694475,0.601783199712253,0.3338408752931543,mexc,0.0,0.0,0.0,0.0,,,,,0,0,0,0,0.7660939812486481,0.0,0.0,0,0,0,0,0,-0.1178563460407287
instadapp,FLUID,261099864.0,0.012611161980164994,-0.06668971484695553,0.19764654124344622,-51.738378656454074,-57.76632861055185,-65.4909213524477,6.027397260273973,0.4866029932970593,18633.06738514286,38292.1347419,0.4866029932970593,145.4628362973096,1.9150533758843784,1.2148877738975101,mexc,0.0,0.0,0.0,0.0,,,,,0,0,0,0,0.5,0.0,0.0,0,0,0,0,0,-0.020006914454086658
undeads-games,UDS,259422708.0,1.315140773532141,1.6704606003411704,0.4860611776444055,-18.75961538461539,-18.75961538461539,-18.75961538461539,97.26027397260275,1.008681889586959,201147.95055414288,199416.63732706665,1.008681889586959,173.06143882373536,-0.23261677702616107,0.0019261797967725942,mexc,0.0,0.0,0.0,0.0,,,,,0,0,0,0,1.0,0.0,0.0,0,0,0,0,0,0.5011381801023511
fasttoken,FTN,256995673.0,-1.9136584847262361,-1.887658866065585,-1.9743242616010888,-86.30839256849524,-86.7699533380097,-86.7699533380097,0.547945205479452,0.7286575960228143,897346.6915870856,1231506.6726608167,0.7286575960228143,650.238481834788,0.05227134298289603,0.03184403676847733,mexc,0.0,0.0,0.0,0.0,,,,,0,0,0,0,0.9789711550621567,0.0,0.0,0,0,0,0,0,-0.5662976598196755
1inch,1INCH,254601721.0,0.8021629026390642,0.8848368101426353,0.6092571184640652,-33.67421475529583,-48.54066307735903,-64.77206595538311,15.342465753424658,0.7410412038095596,775819.5585385712,1046931.7421895333,0.7410412038095596,88.1786941580756,1.534013029975932,0.9486985953765944,mexc,0.0,0.0,0.0,0.0,,,,,0,0,0,0,0.5,0.0,0.0,0,0,0,0,0,0.26545104304279055
eigenlayer,EIGEN,250866104.0,-1.0605396956986712,-1.234026863829834,-0.6557363033926253,-73.8995786160329,-73.8995786160329,-90.63740666545256,1.36986301369863,0.8029042255765328,1513193.1311134286,1884649.6044118665,0.8029042255765328,315.19814502529516,2.1870365028595202,1.4803973705100792,mexc,0.0,0.0,0.0,0.0,,,,,0,0,0,0,0.5,0.0,0.0,0,0,0,0,0,-0.37020805914895016
ape-and-pepe,APEPE,248338203.0,-0.02918438013010402,-0.014659999360860975,-0.06307460192500446,-50.75062552126772,-60.67266067266067,-77.18315301391036,10.684931506849315,0.4326765678347112,186718.6933969667,431543.34502416593,0.4326765678347112,223.18059299191378,0.5900470051817451,0.328748421234569,mexc,0.0,0.0,0.0,0.0,,,,,0,0,0,0,0.7703011433959215,0.0,0.0,0,0,0,0,0,-0.004397999808258292
reallink,REAL,247645350.0,2.006324919901936,2.3952458206123906,1.0988428182442092,-4.999999999999993,-4.999999999999993,,95.17241379310344,0.9704041484928998,765906.4906791,789265.4744609266,0.9704041484928998,44.00267290344138,0.09187242693858555,0.09291890594797031,mexc,1.7947615672758281,1.7947615672758281,1.7947615672758281,3.5,,,,,0,0,0,0,0.953802166778361,0.0,0.0,0,0,0,0,0,0.7185737461837172
immutable-x,IMX,245726248.0,-0.5637256709750542,-0.7435273566299907,-0.14418840444686917,-64.5877378435518,-64.5877378435518,-84.62519122896481,1.9178082191780823,0.46243969536570145,409803.75140014285,886177.7124822002,0.46243969536570145,200.21156558533147,1.7984851554560617,1.1499117660654028,mexc,0.0,0.0,0.0,0.0,,,,,0,0,0,0,0.5,0.0,0.0,0,0,0,0,0,-0.2230582069889972
ecash,XEC,241061240.0,0.4617572792795458,0.4314296623193256,0.5325217188533931,-42.281879194630875,-50.75664621676892,-73.40402032250938,3.0136986301369864,0.6173717002821928,145625.14718077632,235879.2071522114,0.6173717002821928,81.3913043478261,1.2949178904837073,0.7775295021764502,mexc,0.0,0.0,0.0,0.0,,,,,0,0,0,0,0.5,0.0,0.0,0,0,0,0,0,0.12942889869579768
origintrail,TRAC,237359429.0,0.6915418222984356,0.8468870336535311,0.3290696624698798,-34.39466864124399,-34.39466864124399,,75.0,1.6855987352669888,114426.55592085715,67884.8135839,1.6855987352669888,165.75926533289604,-0.07594421483343192,0.04270810656763148,mexc,0.0,0.0,0.0,0.0,,,,,0,0,0,0,1.0,0.0,0.0,0,0,0,0,0,0.25406611009605934
elrond-erd-2,EGLD,237037205.0,0.3386330864700646,0.3196581865828446,0.382907852873578,-44.40379403794038,-54.8873007146784,-83.03844563869369,5.47945205479452,2.063027552614423,1290989.6594109999,625774.3178344667,2.063027552614423,117.02690780767533,1.5419511788789984,0.9567866740332789,mexc,0.0,0.0,0.0,0.0,,,,,0,0,0,0,0.5,0.0,0.0,0,0,0,0,0,0.09589745597485339
build-on,B,232582310.0,-0.42338247707837595,-0.42919788444458734,-0.40981319322388277,-58.620380176266806,-67.77606933184232,,28.780487804878046,0.8301221644088405,587101.8826109715,707247.56883111,0.8301221644088405,295.9277947551702,0.11670598792330927,0.09558566908555008,mexc,0.0,0.0,0.0,0.0,,,,,0,0,0,0,0.9469270857477852,0.0,0.0,0,0,0,0,0,-0.1287593653333762
cheems-token,CHEEMS,228207173.0,0.35785960324737165,0.32102957534518156,0.4437963350191485,-44.37775903973018,-44.37775903973018,-45.404089581304774,30.958904109589042,0.9887645048552358,199165.62691305764,201428.77898131803,0.9887645048552358,99.73251436496928,0.9197493970250623,0.5672145843709313,mexc,0.0,0.0,0.0,0.0,,,,,0,0,0,0,0.6282590046510016,0.0,0.0,0,0,0,0,0,0.09630887260355446
zora,ZORA,226726429.0,0.06362789047012973,-0.022183183745283386,0.26385373030609366,-50.89344869246658,-58.812617471602515,-58.812617471602515,45.02164502164502,1.002189997552665,55544.8488251457,55423.47155807333,1.002189997552665,129.3798189741871,0.06368457164913308,-0.10576700238342643,mexc,0.0,0.0,0.0,0.0,,,,,0,0,0,0,1.0,0.0,0.0,0,0,0,0,0,-0.006654955123585015
apecoin,APE,225650315.0,-0.3763638347661822,-0.5302331144128456,-0.017335515590634176,-60.53847379321332,-65.8768425402948,-84.84459128732257,2.191780821917808,1.1108427360217892,112896.35001614285,101631.26278383333,1.1108427360217892,177.4977895667551,1.6276086048707956,1.022916640068318,mexc,0.0,0.0,0.0,0.0,,,,,0,0,0,0,0.5,0.0,0.0,0,0,0,0,0,-0.15906993432385366
zero-gravity,0G,222625604.0,-1.5754352168933954,-1.6617865519444346,-1.3739487684409701,-82.02034132046198,,,7.59493670886076,0.977845371328526,54542.56745714285,55778.315320999995,0.977845371328526,493.14928425357874,-0.1300756717576143,-0.2468180086826903,mexc,0.0,0.0,0.0,0.0,,,,,0,0,0,0,1.0,0.0,0.0,0,0,0,0,0,-0.49853596558333035
reserve-rights-token,RSR,206276834.0,-0.31522306773384984,-0.45863290600126505,0.019399888223452396,-59.179186515207036,-66.21853836045689,-80.44012641929065,2.73972602739726,0.5449864910488613,417175.68131115,765478.9396857687,0.5449864910488613,171.54228855721394,1.9913957069381951,1.1741583129089457,mexc,0.0,0.0,0.0,0.0,,,,,0,0,0,0,0.5,0.0,0.0,0,0,0,0,0,-0.13758987180037952
aethir,ATH,206205869.0,-1.3335163393842229,-1.4962984439982094,-0.9536914286182545,-78.87864823348694,-78.87864823348694,-83.47157110229595,1.36986301369863,0.6418687837675321,254370.2700481143,396296.3715964733,0.6418687837675321,383.6552748885588,1.3784447063634455,0.8345738945195,mexc,0.0,0.0,0.0,0.0,,,,,0,0,0,0,0.5,0.0,0.0,0,0,0,0,0,-0.44888953319946284
legacy-token,LGCT,192538738.0,-1.3184232002148613,-1.4926913828851514,-0.9117974406508519,-78.810170328314,-78.810170328314,-79.63657066945011,0.2967359050445104,0.47545676459248587,620635.521750143,1305345.8652167667,0.47545676459248587,371.92451071761417,0.07207947228141595,0.0445462541934902,mexc,0.0,0.0,0.0,0.0,,,,,0,0,0,0,0.9708435683812735,0.0,0.0,0,0,0,0,0,-0.4478074148655454
chain-2,XCN,192319439.0,-0.2817385045452053,-0.42390113897666337,0.04997430912819676,-58.51982462078574,-73.34951701815606,-75.09075782786266,4.641350210970464,0.9915911536572696,54609.06284249656,55072.1561412512,0.9915911536572696,165.01241212424645,-0.14727046271558755,-0.1304483683182254,mexc,0.0,0.0,0.0,0.0,,,,,0,0,0,0,1.0,0.0,0.0,0,0,0,0,0,-0.127170341692999
axie-infinity,AXS,188064096.0,-0.2638819400942146,-0.40131166292945814,0.05678741318802037,-58.09097688292319,-61.174438687392055,-85.91831621147583,3.5616438356164384,0.9196668038655571,616571.5448671429,670429.2709876667,0.9196668038655571,164.49704142011834,1.5796026945521426,1.0073701877046308,mexc,0.0,0.0,0.0,0.0,,,,,0,0,0,0,0.5,0.0,0.0,0,0,0,0,0,-0.12039349887883743
livepeer,LPT,186345239.0,0.26837675850719156,0.1997451211415708,0.42851724569364014,-46.68027210884353,-49.68545384516626,-80.0203925567168,4.657534246575342,0.3828791584183403,129089.66226142803,337155.1034396666,0.3828791584183403,96.4190272581507,1.624102370710451,1.0073259676068043,mexc,0.0,0.0,0.0,0.0,,,,,0,0,0,0,0.5,0.0,0.0,0,0,0,0,0,0.05992353634247124
dexe,DEXE,185949182.0,-0.794202386781455,-0.9851862957183581,-0.3485732659286815,-69.17548875666486,-69.17548875666486,-83.36946552155425,2.191780821917808,0.6165809460448493,157944.4785042857,256161.78949,0.6165809460448493,243.26259946949605,0.6297085137358999,0.3966788460309285,mexc,0.0,0.0,0.0,0.0,,,,,0,0,0,0,0.7434031600582929,0.0,0.0,0,0,0,0,0,-0.2955558887155074
lombard-protocol,BARD,182865409.0,0.2518974374418905,0.23914534668082782,0.28165231588437023,-45.9322823122464,,,73.49397590361446,0.9811525749634541,54025.74104514286,55063.54712176667,0.9811525749634541,140.8362704261455,0.25102531664424144,0.25424660391511283,mexc,0.0,0.0,0.0,0.0,,,,,0,0,0,0,0.8736820198601614,0.0,0.0,0,0,0,0,0,0.07174360400424834
amp-token,AMP,182477732.0,0.6290360287678242,0.6322062708998063,0.6216387971265327,-38.47025495750709,-49.09772674009844,-78.28434313137372,2.191780821917808,0.7313123548990685,218001.82895638002,298096.7400536633,0.7313123548990685,68.65742952699476,1.0931380291610995,0.6423319642981076,mexc,0.0,0.0,0.0,0.0,,,,,0,0,0,0,0.5661325016351982,0.0,0.0,0,0,0,0,0,0.18966188126994188
jito-governance-token,JTO,182009998.0,-1.3256262933812548,-1.473301463411828,-0.9810508966432514,-78.44206426484908,-80.73107049608355,-88.87437185929649,1.36986301369863,0.8413488382496414,576003.1293651426,684618.6779831666,0.8413488382496414,392.9205663546916,1.6375851304398439,0.9688309517564063,mexc,0.0,0.0,0.0,0.0,,,,,0,0,0,0,0.5,0.0,0.0,0,0,0,0,0,-0.4419904390235484
ribbita-by-virtuals,TIBBIR,180544941.0,-0.2324957332694602,-0.36329372289258555,0.07269957585116571,-57.36922895265084,-57.36922895265084,-57.36922895265084,60.76923076923077,0.9134537786774493,207348.41877185713,226993.8814770333,0.9134537786774493,162.36059479553907,0.02820428512773862,-0.15223618672412745,mexc,0.0,0.0,0.0,0.0,,,,,0,0,0,0,1.0,0.0,0.0,0,0,0,0,0,-0.10898811686777567
beam-2,BEAM,176580881.0,0.5104036679366247,0.596609315254093,0.30925715752919875,-39.14604194218779,-39.14604194218779,-62.994025735294116,43.56164383561644,0.860536799905717,63927.177073642866,74287.55758108999,0.860536799905717,155.57701593433123,0.9683120190624471,0.5427901646918533,mexc,0.0,0.0,0.0,0.0,,,,,0,0,0,0,0.6222244540614249,0.0,0.0,0,0,0,0,0,0.1789827945762279
havven,SNX,176083736.0,-1.2733058327846232,-1.426497389471888,-0.9158588671810055,-77.55351681957187,-77.55351681957187,-83.72505543237251,1.9178082191780823,0.681781914442331,438881.2397482857,643726.7261735332,0.681781914442331,377.27272727272725,1.890416754877998,1.2365238758086694,mexc,0.0,0.0,0.0,0.0,,,,,0,0,0,0,0.5,0.0,0.0,0,0,0,0,0,-0.4279492168415664
toshi,TOSHI,174246937.0,-0.40340567614173345,-0.5379929830334683,-0.08936862672768553,-60.68579027355623,-60.68579027355623,-71.71075114482947,32.054794520547944,0.6834838273588925,133665.91071610813,195565.57941190482,0.6834838273588925,197.5692481628039,2.1872863519329613,1.2155428693813783,mexc,0.0,0.0,0.0,0.0,,,,,0,0,0,0,0.5,0.0,0.0,0,0,0,0,0,-0.1613978949100405
convex-finance,CVX,172952744.0,-0.036877071634322495,-0.12608320473211096,0.17127057226051726,-52.865928659286595,-67.6842637881599,-69.83627204030228,9.58904109589041,0.8216853855878485,247008.75295714286,300612.3235116666,0.8216853855878485,149.23359901900676,1.8444248330429722,1.1554112797146212,mexc,0.0,0.0,0.0,0.0,,,,,0,0,0,0,0.5,0.0,0.0,0,0,0,0,0,-0.037824961419633284
zano,ZANO,172356054.0,1.0761197024758986,1.1786326037056971,0.8369229329397025,-28.09667673716012,-34.091040212311775,-34.091040212311775,56.986301369863014,0.8170647586715839,572950.6056928572,701230.3487723334,0.8170647586715839,41.78118864893807,0.5622610986868981,0.3756931644568035,mexc,0.0,0.0,0.0,0.0,,,,,0,0,0,0,0.7655114342140745,0.0,0.0,0,0,0,0,0,0.35358978111170913
safepal,SFP,171448900.0,0.7098931831681952,0.7472625767282745,0.6226979315280101,-36.28597957288765,-36.73243592107689,-55.342964987635035,7.123287671232877,0.605519542295481,117786.27194371443,194521.00835126668,0.605519542295481,75.63600782778866,1.0195820732878818,0.620314343388055,mexc,0.0,0.0,0.0,0.0,,,,,0,0,0,0,0.5900258958310158,0.0,0.0,0,0,0,0,0,0.22417877301848232
uchain-2,UCN,166397939.0,2.223210171922445,2.6586199048479133,1.2072541284296865,0.0,,,100.0,0.7996321007332123,5015237.5119752865,6271931.188576133,0.7996321007332123,29.72233481961899,0.014075143519067287,0.0018959953193937009,mexc,0.0,0.0,0.0,0.0,,,,,0,0,0,0,0.9960072152903847,0.0,0.0,0,0,0,0,0,0.7975859714543739
alchemist-ai,ALCH,165008797.0,1.643007915846257,2.269357506602767,0.18152553741439995,-7.38991460331091,-7.38991460331091,-14.582416615330462,96.85714285714285,0.894500425325761,192750.2899188428,215483.73199336,0.894500425325761,297.89293849658316,-0.2472364560712004,-0.10353367070497495,mexc,0.0,0.0,0.0,0.0,,,,,0,0,0,0,1.0,0.0,0.0,0,0,0,0,0,0.6808072519808301
dydx-chain,DYDX,163252504.0,-0.8896696478644673,-1.097841007729108,-0.4039364748469723,-71.31417131417132,-72.85153606712682,-90.96029922040468,0.547945205479452,1.2213642292079623,620816.7196037142,508297.7745355333,1.2213642292079623,251.93759436336188,1.6619573342065923,1.084979206187826,mexc,0.0,0.0,0.0,0.0,,,,,0,0,0,0,0.5,0.0,0.0,0,0,0,0,0,-0.3293523023187324
sosovalue,SOSO,160533099.0,0.8216980352498909,0.8664734290958491,0.7172221162759889,-34.022832598621,-34.022832598621,-45.068699416525504,59.06249999999999,0.8146080723364321,44978.27877200106,55214.62443036667,0.8146080723364321,56.19703389830508,0.27375301069440106,0.14823809213764874,mexc,0.0,0.0,0.0,0.0,,,,,0,0,0,0,0.8945022242919876,0.0,0.0,0,0,0,0,0,0.2599420287287547
kaito,KAITO,159555810.0,-0.22923553157745769,-0.37913101356194123,0.12052059305300378,-57.669890475885474,-62.0956641431521,-72.89393815109507,3.4722222222222223,1.00054813102741,55534.074308,55503.651034733324,1.00054813102741,147.70744090115818,0.28211936842782803,0.11858187378418901,mexc,0.0,0.0,0.0,0.0,,,,,0,0,0,0,0.8998246894469958,0.0,0.0,0,0,0,0,0,-0.11373930406858236
qtum,QTUM,159533515.0,0.4342420068137113,0.40312907708624957,0.5068388428444552,-42.819148936170215,-51.43594707970314,-64.01243424198948,1.9178082191780823,0.18486002965748807,144107.68521,779550.2655549999,0.18486002965748807,86.93181818181822,1.2463661038332234,0.7918149704064089,mexc,0.0,0.0,0.0,0.0,,,,,0,0,0,0,0.5,0.0,0.0,0,0,0,0,0,0.12093872312587486
creditcoin-2,CTC,157705483.0,0.014197793272731775,-0.05592563240593261,0.177819119856282,-51.53402896745056,-60.820848545889476,-78.34527868624312,4.383561643835616,0.9720679198865358,559877.3672812857,575965.2754991,0.9720679198865358,151.80392156862746,1.2826708106816667,0.711183088494322,mexc,0.0,0.0,0.0,0.0,,,,,0,0,0,0,0.5015365252060029,0.0,0.0,0,0,0,0,0,-0.016777689721779784
theta-fuel,TFUEL,156937348.0,0.5735050609465875,0.5766688796583141,0.5661228172858918,-39.52459922609176,-48.15165876777251,-73.93686718284694,7.671232876712329,0.44706413016914814,138093.44510910002,308889.56592615007,0.44706413016914814,80.99049524762378,1.2049827000602742,0.7343298931345227,mexc,0.0,0.0,0.0,0.0,,,,,0,0,0,0,0.5151718517013008,0.0,0.0,0,0,0,0,0,0.17300066389749424
soon-2,SOON,155563723.0,-1.9719886039592418,-1.7789493357401416,-2.4224135631371424,-84.24460693368256,-84.24460693368256,,66.66666666666666,0.9806842809315993,54762.862465000006,55841.4808209,0.9806842809315993,785.028976175145,-0.3698288324087527,-0.15876256693875462,mexc,0.0,0.0,0.0,0.0,,,,,0,0,0,0,1.0,0.0,0.0,0,0,0,0,0,-0.5336848007220425
kusama,KSM,150198701.0,0.18879041351216452,0.1136710453003354,0.3640689393397659,-48.31433713257349,-50.340057636887614,-78.15969581749049,2.73972602739726,0.5597857883175963,242890.0556107574,433898.2172819167,0.5597857883175963,109.36950514945995,1.5174451262633266,0.9665894994356455,mexc,0.0,0.0,0.0,0.0,,,,,0,0,0,0,0.5,0.0,0.0,0,0,0,0,0,0.034101313590100615
turbo,TURBO,149387767.0,-0.06364520659562922,-0.053432480550748264,-0.08747490070035148,-51.48669796557122,-65.03383822107638,-83.90685256600415,15.616438356164384,1.2002405848609061,2866908.01086426,2388611.122657964,1.2002405848609061,227.69230769230774,2.2712841425694554,1.3067332589208815,mexc,0.0,0.0,0.0,0.0,,,,,0,0,0,0,0.5,0.0,0.0,0,0,0,0,0,-0.01602974416522448
gmt-token,GOMINING,142603655.0,0.9266653562919802,1.0308469132291083,0.683575056772015,-30.902299980342065,-34.774540731118954,-37.24334940189252,6.575342465753424,1.0178998981435352,319382.71174799994,313766.3264634333,1.0178998981435352,76.20367163145134,0.35455237967373726,0.1893108548194216,mexc,0.0,0.0,0.0,0.0,,,,,0,0,0,0,0.8640341913767102,0.0,0.0,0,0,0,0,0,0.30925407396873245
grass,GRASS,139972996.0,-0.6534656818009584,-0.8006553033936523,-0.31002323141800636,-65.67227786064352,-80.39191820837391,-91.14372886946484,4.931506849315069,0.2640100578813688,511292.1485712857,1936638.9018445334,0.2640100578813688,243.93550751190912,1.4831008568487811,0.8809953795196556,mexc,0.0,0.0,0.0,0.0,,,,,0,0,0,0,0.5,0.0,0.0,0,0,0,0,0,-0.24019659101809568
linea,LINEA,135606364.0,-1.1294932177317232,-1.3138859275807322,-0.6992435614173688,-75.41565533980584,,,4.395604395604396,0.4499332129354124,565205.7389115843,1256199.1928182442,0.4499332129354124,322.56410256410265,-0.37277880469411157,-0.11775092001954275,mexc,0.0,0.0,0.0,0.0,,,,,0,0,0,0,1.0,0.0,0.0,0,0,0,0,0,-0.39416577827421967
four,FORM,132017620.0,-2.011568361830015,-1.9270253926909056,-2.2088352898212698,-87.05574261129817,-91.5475754244534,-91.5475754244534,1.8796992481203008,0.46780344205176705,103961.61349228572,222233.53688103333,0.46780344205176705,714.6906430966169,-0.17637679478102639,-0.19172745465046473,mexc,0.0,0.0,0.0,0.0,,,,,0,0,0,0,1.0,0.0,0.0,0,0,0,0,0,-0.5781076178072716
nervos-network,CKB,130943803.0,-0.01579387019446897,-0.11843210788940776,0.22369535109372157,-52.72067714631197,-56.89763779527559,-81.18383060635226,5.205479452054795,1.0889409753542625,455903.75602030713,418667.09614080697,1.0889409753542625,134.75263584752634,1.4964395891044608,0.9639355513583254,mexc,0.0,0.0,0.0,0.0,,,,,0,0,0,0,0.5,0.0,0.0,0,0,0,0,0,-0.03552963236682233
coredaoorg,CORE,129499978.0,-1.0952672010159819,-1.205892538188833,-0.8371414142793292,-73.36546521374686,-79.09539473684211,-91.38071341380713,2.191780821917808,0.9363751237447285,462908.4571152857,494362.1902983,0.9363751237447285,368.762278978389,1.339834717693697,0.8003007609564826,mexc,0.0,0.0,0.0,0.0,,,,,0,0,0,0,0.5,0.0,0.0,0,0,0,0,0,-0.3617677614566499
ravencoin,RVN,129489661.0,0.48708511080773287,0.46707853978978886,0.5337671098496023,-41.6051065050563,-57.19692987067606,-71.32088763649172,3.287671232876712,0.5306465169843804,203272.5466669143,383065.826611084,0.5306465169843804,83.29170500854477,1.3562746012208793,0.821701873423671,mexc,0.0,0.0,0.0,0.0,,,,,0,0,0,0,0.5,0.0,0.0,0,0,0,0,0,0.14012356193693665
niza-global-2,NIZA,128993353.0,1.5868511573836015,2.0129947178114165,0.5925161830520336,-12.256809338521402,,,97.43589743589743,1.205351739125,60051.40273721429,49820.646362370004,1.205351739125,164.34889940341492,-0.8600032704857244,-0.034191846003032156,mexc,0.0,0.0,0.0,0.0,,,,,0,0,0,0,1.0,0.0,0.0,0,0,0,0,0,0.6038984153434249
ronin,RON,128571019.0,-0.6843450508524751,-0.8397980101388364,-0.3216214791842989,-66.41537881643423,-70.19069923051188,-92.43954179041154,3.0136986301369864,1.3151929180801396,132937.62607571456,101078.42298129998,1.3151929180801396,244.769330734243,1.487125925387081,0.9733082399862436,mexc,0.0,0.0,0.0,0.0,,,,,0,0,0,0,0.5,0.0,0.0,0,0,0,0,0,-0.2519394030416509
baby-doge-coin,BABYDOGE,124975346.0,0.14148096228447593,0.058085314790399765,0.3360708064373204,-49.36959909335601,-55.69604561794967,-87.37949786362513,3.8356164383561646,0.8747758537323979,156055.50821839596,178394.85115250427,0.8747758537323979,113.84428960920934,1.6420937659909318,1.0401485763168743,mexc,0.0,0.0,0.0,0.0,,,,,0,0,0,0,0.5,0.0,0.0,0,0,0,0,0,0.01742559443711993
arkham,ARKM,124172784.0,-0.5817991556941707,-0.7560026900442071,-0.17532424221075268,-64.8245746122572,-64.8245746122572,-88.83365200764818,2.191780821917808,0.7618918428051452,249251.41029214286,327148.0232344333,0.7618918428051452,208.31012070566385,1.8543902551568783,1.1794757765107722,mexc,0.0,0.0,0.0,0.0,,,,,0,0,0,0,0.5,0.0,0.0,0,0,0,0,0,-0.2268008070132621
mina-protocol,MINA,124131308.0,0.0869794934566456,-0.013180012399358553,0.3206850071206553,-50.72252885097842,-58.839061190276624,-88.44316309719935,1.9178082191780823,0.9590401885918004,25502.3809673,26591.56651688,0.9590401885918004,113.72654155495981,1.5259558817484493,0.9719687837559923,mexc,0.0,0.0,0.0,0.0,,,,,0,0,0,0,0.5,0.0,0.0,0,0,0,0,0,-0.003954003719807565
0x,ZRX,123737883.0,0.17634262692197006,0.08681680782009267,0.38523620482635074,-48.824148824148814,-51.51313601596274,-77.70983030117719,1.36986301369863,0.30538573377824696,137145.26777785717,449088.6528361667,0.30538573377824696,101.6277423920736,1.431880756955106,0.88125470012712,mexc,0.0,0.0,0.0,0.0,,,,,0,0,0,0,0.5,0.0,0.0,0,0,0,0,0,0.0260450423460278
bianrensheng,,122017506.0,-0.7472829985508382,-0.840087689710813,-0.5307387191775638,-66.4208782104391,,,20.3125,1.1399580620539993,125151.31477002858,109785.89382887333,1.1399580620539993,304.445437283592,-1.220712225477388,0.4432704445980836,mexc,0.0,0.0,0.0,0.0,,,,,0,0,0,0,1.0,0.0,0.0,0,0,0,0,0,-0.2520263069132439
kava,KAVA,120456907.0,-0.8316749167357746,-1.0200289890939094,-0.3921820812334605,-69.83695652173914,-74.59954233409611,-81.2626603646185,1.095890410958904,0.49401693540347946,394982.16163414286,799531.6219504667,0.49401693540347946,253.50624399615756,1.215992727283632,0.6476546894409685,mexc,0.0,0.0,0.0,0.0,,,,,0,0,0,0,0.5340881458188499,0.0,0.0,0,0,0,0,0,-0.3060086967281728
threshold-network-token,T,120385404.0,0.7630920314753741,0.7943206711715175,0.690225205517706,-35.392609699769054,-45.03929273084479,-66.4367126574685,2.4657534246575343,0.6112516634796487,139058.80470465714,227498.4478783133,0.6112516634796487,59.33762649494019,1.0912297389379346,0.6915876218055671,mexc,1.5120997267103928,1.5120997267103928,1.5120997267103928,3.5,,,,,0,0,0,0,0.5542956598141245,0.0,0.0,0,0,0,0,0,0.23829620135145524
dog-go-to-the-moon-rune,DOG,117802149.0,-0.16943542850320342,-0.3055605829104654,0.14818993178040776,-56.27319970304381,-74.9521581968956,-87.61824679419803,3.287671232876712,0.6353507842851482,302563.8985766157,476215.51127388503,0.6353507842851482,144.464609800363,2.035880276684707,1.2113680937797522,mexc,0.0,0.0,0.0,0.0,,,,,0,0,0,0,0.5,0.0,0.0,0,0,0,0,0,-0.09166817487313962
mog-coin,MOG,116340786.0,-0.9432669556176259,-1.1128406984484105,-0.5475948890124621,-71.59893150162182,-84.33157894736843,-91.08655947782867,4.10958904109589,0.6534399827617615,847992.7218596217,1297736.2026051478,0.6534399827617615,291.9970082273747,2.722289763449289,1.6026387839267089,mexc,0.0,0.0,0.0,0.0,,,,,0,0,0,0,0.5,0.0,0.0,0,0,0,0,0,-0.33385220953452316
movement,MOVE,115560000.0,-0.7737831966145312,-0.9845576815675943,-0.28197606505738426,-69.16355489171022,-78.0605738575983,-96.3495712138626,0.273972602739726,0.4459200068630017,307681.996436627,689993.7022362734,0.4459200068630017,224.29159602809398,1.3982358466208418,0.8619574031544351,mexc,1.8722775802069975,1.8722775802069975,1.8722775802069975,3.4999999999999996,,,,,0,0,0,0,0.5,0.0,0.0,0,0,0,0,0,-0.29536730447027826
keeta,KTA,114611415.0,-1.3618321169671983,-1.488610442664326,-1.066016023673901,-78.7326961107449,,,9.574468085106384,0.710065913118212,102640.84062142858,144551.1447954,0.710065913118212,416.20586984262013,0.4102192014685815,0.22043173077533973,mexc,0.0,0.0,0.0,0.0,,,,,0,0,0,0,0.8423372669390197,0.0,0.0,0,0,0,0,0,-0.4465831327992978
stp-network,AWE,113656777.0,-0.006063883658475183,-0.0779084570306755,0.16157345420999222,-51.95135978966397,-51.95135978966397,,53.20197044334976,0.535507522104576,220801.8629313857,412322.61698887334,0.535507522104576,155.05029337803856,0.050008643286579425,-0.013878171419709545,mexc,0.0,0.0,0.0,0.0,,,,,0,0,0,0,0.9909673820332825,0.0,0.0,0,0,0,0,0,-0.02337253710920265
berachain-bera,BERA,112962031.0,-0.9580639954555847,-1.1682722942981714,-0.46757796482288283,-72.65126730775586,-72.65126730775586,-81.19304624474492,0.42194092827004215,0.9928993166073714,53920.40831714286,54306.018158399995,0.9928993166073714,265.64765587240214,0.10853551085021478,-0.049880982165191726,mexc,0.0,0.0,0.0,0.0,,,,,0,0,0,0,0.9853363678287442,0.0,0.0,0,0,0,0,0,-0.3504816882894514
zilliqa,ZIL,112179836.0,-0.05138555353802638,-0.1592686712004513,0.20034172100763173,-53.49593495934959,-57.9720793534166,-80.0,2.73972602739726,1.0818776534720618,386626.9260314164,357366.58834815334,1.0818776534720618,138.83495145631065,1.4511749394378712,0.8932301015998204,mexc,0.0,0.0,0.0,0.0,,,,,0,0,0,0,0.5,0.0,0.0,0,0,0,0,0,-0.047780601360135386
nexpace,NXPC,111812545.0,0.7217122511041095,0.857063173178693,0.4058934329300816,-34.20148069804336,-62.31258518855066,,30.14354066985646,0.9898052971922563,55000.39728528571,55566.8851655,0.9898052971922563,144.47317388493857,-0.2854918838549694,-0.15190830370108385,mexc,0.0,0.0,0.0,0.0,,,,,0,0,0,0,1.0,0.0,0.0,0,0,0,0,0,0.2571189519536079
snek,SNEK,111116993.0,-0.8059311609329356,-0.9785483454571807,-0.4031577303763637,-69.04947122763491,-72.41088496570336,-79.86679066714079,2.191780821917808,0.8754536911887753,77631.82893506232,88676.11127396853,0.8754536911887753,259.26429488632067,2.5700585089349555,1.4742716706296768,mexc,0.0,0.0,0.0,0.0,,,,,0,0,0,0,0.5,0.0,0.0,0,0,0,0,0,-0.2935645036371542
velo,VELO,109193317.0,-0.4639549943513366,-0.5879753081309107,-0.174574262198997,-61.63467492260062,-68.89558232931728,-83.25088530262482,3.287671232876712,0.9264669220599855,141179.51922525145,152384.845981701,0.9264669220599855,218.72903098480364,1.6838312366036892,0.9416048855367812,mexc,0.0,0.0,0.0,0.0,,,,,0,0,0,0,0.5,0.0,0.0,0,0,0,0,0,-0.17639259243927322
cow-protocol,COW,108425190.0,0.3071009981372835,0.2906040649807781,0.34559384216912925,-44.95536921828509,-55.34342769365811,-82.4584087578657,8.493150684931507,0.4922741020507862,237237.73033799947,481922.02138946665,0.4922741020507862,125.83995113011603,1.762637221430746,1.1711460863511176,mexc,0.0,0.0,0.0,0.0,,,,,0,0,0,0,0.5,0.0,0.0,0,0,0,0,0,0.08718121949423344
astar,ASTR,107736749.0,-0.033007558978630974,-0.14668172251399708,0.23223215593722327,-53.25697924123121,-54.11103302881237,-82.90575916230367,3.0136986301369864,0.598871341492457,165447.28962507128,276265.16442205664,0.598871341492457,130.52805280528054,1.391737872833919,0.8815458403224136,mexc,0.0,0.0,0.0,0.0,,,,,0,0,0,0,0.5,0.0,0.0,0,0,0,0,0,-0.04400451675419912
safe,SAFE,107360998.0,-0.6526174231441046,-0.8265722860335416,-0.24672274306875225,-66.16429632774359,-71.28445325166636,-87.81438727926,6.027397260273973,0.9420249777881126,373187.09448171424,396154.1395197,0.9420249777881126,224.2257398485891,1.3540772205109588,0.8693303024473255,mexc,0.0,0.0,0.0,0.0,,,,,0,0,0,0,0.5,0.0,0.0,0,0,0,0,0,-0.24797168581006246
non-playable-coin,NPC,107221128.0,0.22000031910728518,0.17549193902647695,0.3238532059625045,-47.14070431472081,-58.243789354970076,-64.64831317632081,25.205479452054796,0.4867849537715784,320658.28472574,658726.7791276217,0.4867849537715784,124.76156520188964,2.4199247844188405,1.5179889953579375,mexc,0.0,0.0,0.0,0.0,,,,,0,0,0,0,0.5,0.0,0.0,0,0,0,0,0,0.052647581707943085
terra-luna-2,LUNA,106520332.0,1.9614868140116735,2.468045782471103,0.7795158876063386,-3.617936117936127,-17.718930256948095,-72.5297619047619,39.178082191780824,3.5130923186556173,8996649.7616622,2560891.92814182,3.5130923186556173,139.76435935198822,1.4100029588467662,0.9337286026197567,mexc,0.0,0.0,0.0,0.0,,,,,0,0,0,0,0.5,0.0,0.0,0,0,0,0,0,0.7404137347413309
deep,DEEP,106503844.0,-0.9534395725578406,-1.1039024077875363,-0.6023596236885511,-71.42924338126596,-78.95640726149705,-85.97649061009638,2.73972602739726,0.4238909260039487,531268.2438795243,1253313.5561259345,0.4238909260039487,308.19573207526474,2.7746774911787564,1.5191038944368576,mexc,0.0,0.0,0.0,0.0,,,,,0,0,0,0,0.5,0.0,0.0,0,0,0,0,0,-0.3311707223362609
useless-3,USELESS,105266989.0,-1.129299722106794,-1.2802011116337613,-0.7771964798772039,-74.77616918753795,-74.77616918753795,,5.714285714285714,0.9626407293132028,55439.72865772857,57591.29753140833,0.9626407293132028,346.94810000321763,-0.01908840254830283,0.04894715105943624,mexc,0.0,0.0,0.0,0.0,,,,,0,0,0,0,0.9925353128722166,0.0,0.0,0,0,0,0,0,-0.38406033349012836
cat-in-a-dogs-world,MEW,104985413.0,-0.5893878735251419,-0.7486396850529425,-0.2178003132936074,-64.68479235135942,-71.99715707178393,-86.24781849912739,3.5616438356164384,0.7813677258996741,281684.84583528235,360502.27888661233,0.7813677258996741,220.90124640460212,1.8931653337863903,1.1165193371425395,mexc,0.0,0.0,0.0,0.0,,,,,0,0,0,0,0.5,0.0,0.0,0,0,0,0,0,-0.22459190551588276
unibase,UB,104687303.0,-0.11213961878964354,-0.07499849186002487,-0.19880224829208715,-51.89611583544013,,,52.80898876404494,0.6749387113723702,80755.11993062857,119648.07851431001,0.6749387113723702,258.1069958847737,0.7503541754374686,0.29131725795300756,mexc,0.0,0.0,0.0,0.0,,,,,0,0,0,0,0.7395821416523809,0.0,0.0,0,0,0,0,0,-0.02249954755800746
zetachain,ZETA,103820557.0,-0.11344845353453678,-0.24102362588659135,0.18422694862025715,-55.048004042445676,-64.07108239095315,-88.21721854304636,3.287671232876712,0.6333266306752037,101571.5825738286,160377.88031357666,0.6333266306752037,138.261497712497,1.5225245654394943,0.9671158470602289,mexc,0.0,0.0,0.0,0.0,,,,,0,0,0,0,0.5,0.0,0.0,0,0,0,0,0,-0.0723070877659774
popcat,POPCAT,103705201.0,-0.5996541714670036,-0.7464622461421926,-0.25710199722489613,-64.64345497154336,-78.04365904365905,-91.57814992025519,4.10958904109589,0.37385447545330336,1037855.2931242,2776094.3395576235,0.37385447545330336,232.25806451612908,2.390087391273548,1.3260044669341282,mexc,0.0,0.0,0.0,0.0,,,,,0,0,0,0,0.5,0.0,0.0,0,0,0,0,0,-0.22393867384265778
ai-companions,AIC,103508723.0,-1.387179965580249,-1.5424216353023068,-1.0249494028954473,-79.75426952777593,-79.75426952777593,-79.75426952777593,6.301369863013699,0.3917583949222818,118446.16928207429,302344.9422330107,0.3917583949222818,401.07778083159917,1.222066974935143,0.6842418690706291,mexc,0.0,0.0,0.0,0.0,,,,,0,0,0,0,0.523422788998557,0.0,0.0,0,0,0,0,0,-0.46272649059069204
celo,CELO,102668900.0,-0.30447897429240167,-0.4458982262116686,0.025499280185887836,-58.937426210153475,-58.937426210153475,-80.17329836962718,4.931506849315069,0.6201594944538034,387742.94640585716,625231.0089154666,0.6201594944538034,170.60702875399357,1.5603054239458536,0.9880534332951771,mexc,0.0,0.0,0.0,0.0,,,,,0,0,0,0,0.5,0.0,0.0,0,0,0,0,0,-0.13376946786350058
river,RIVER,101899569.0,-0.08631690103047285,0.21720975918656224,-0.7945457748702214,-46.3487163656943,,,69.62025316455697,0.8542810248570472,180874.8822341429,211727.6130116667,0.8542810248570472,446.65879176510293,-0.788352320646427,-0.15873732493394518,mexc,0.0,0.0,0.0,0.0,,,,,0,0,0,0,1.0,0.0,0.0,0,0,0,0,0,0.06516292775596867
melania-meme,MELANIA,101598187.0,0.311569277418702,0.29503207930623737,0.3501560730144529,-44.87130600571974,-56.61665416354089,-96.656259034403,6.832298136645963,0.9726737645090794,54307.3421346,55833.0491848,0.9726737645090794,124.81783111873122,0.0037187250970845383,-0.04265262324768761,mexc,0.0,0.0,0.0,0.0,,,,,0,0,0,0,1.0,0.0,0.0,0,0,0,0,0,0.0885096237918712
drift-protocol,DRIFT,101333436.0,-1.0476537247613718,-1.1985192092781418,-0.6956342608889083,-73.22548695939254,-73.22548695939254,-82.77765980038225,5.205479452054795,0.47325085272829154,227060.74675,479789.40860009997,0.47325085272829154,328.83435582822085,1.475337715849096,0.8697498993752704,mexc,0.0,0.0,0.0,0.0,,,,,0,0,0,0,0.5,0.0,0.0,0,0,0,0,0,-0.35955576278344253
oasis-network,ROSE,101034332.0,-0.22075396341781817,-0.37101028425128435,0.12984411852693625,-57.515723270440255,-59.122541603630864,-88.29897800103932,1.643835616438356,0.3904452488658765,132552.19445327143,339489.83843008673,0.3904452488658765,145.5598455598456,1.651606371144542,1.0630053155505892,mexc,0.0,0.1438000894238765,0.1438000894238765,0.0,,,,,0,0,0,0,0.5,0.0,0.0,0,0,0,0,0,-0.11130308527538531
